Parturient Inc.,+45 5641 9967,Pellentesque@sedsemegestas.org
Egestas Hendrerit Neque Corporation,+45 5042 4825,tincidunt@urna.com
Etiam Ligula Tortor Industries,+45 6228 6691,Morbi.vehicula@ipsum.ca
Pellentesque Corporation,+45 4403 4664,nec.imperdiet@tinciduntaliquam.com
Ornare Associates,+45 8443 6495,eu.eros.Nam@cursusnonegestas.org
Posuere Vulputate Lacus LLP,+45 5582 4142,magna.Sed.eu@nisidictum.com
Velit Egestas Lacinia Corporation,+45 2428 9390,ultricies.sem.magna@ipsumprimisin.com
Sed Dui Institute,+45 9209 6916,vulputate.nisi.sem@Aenean.com
Commodo At Libero Limited,+45 6839 7116,faucibus.ut.nulla@laciniamattisInteger.co.uk
Etiam Ligula Ltd,+45 9652 9551,vitae.purus@ornare.net
Lorem Consulting,+45 8616 8737,pede.sagittis.augue@milaciniamattis.co.uk
Praesent Interdum Inc.,+45 7952 9873,Duis@disparturientmontes.net
Sed Sapien Nunc Associates,+45 8208 3887,augue@Namnulla.net
Ipsum Ltd,+45 3416 6005,odio.tristique.pharetra@sociisnatoquepenatibus.ca
Lorem Donec Consulting,+45 7343 9106,posuere@Maurisquisturpis.net
Consectetuer Ltd,+45 6623 7626,dictum.eu.eleifend@sem.co.uk
Felis Purus Limited,+45 3186 6277,rutrum.urna.nec@blanditmattisCras.ca
Posuere LLC,+45 6865 6765,non@etcommodo.com
Proin Vel Company,+45 3612 4186,lobortis@aliquetodio.edu
Sed Malesuada Augue Corporation,+45 1433 3131,ac.turpis@ullamcorperDuis.ca
Vel Sapien Imperdiet Institute,+45 1122 8826,dapibus.quam.quis@urnaconvalliserat.net
Vitae Sodales Nisi Industries,+45 2185 7264,tincidunt@nullaante.edu
Per Associates,+45 9348 9272,mauris@liberoatauctor.ca
Quis Turpis Vitae Corporation,+45 8655 8851,Ut@euodio.edu
Velit Aliquam LLC,+45 2107 8176,ligula.Nullam@nisl.co.uk
Augue Eu Tempor Foundation,+45 7522 2731,netus@venenatisamagna.co.uk
Sagittis Incorporated,+45 8438 7118,Proin.sed@ipsum.net
Lectus Sit Amet Consulting,+45 6884 8580,feugiat.tellus@auctor.co.uk
Ut Consulting,+45 2901 9903,quis.lectus.Nullam@Classaptenttaciti.edu
Erat Incorporated,+45 3957 8328,interdum.libero@lacusNulla.co.uk
Ac Corp.,+45 3529 4395,lorem.tristique.aliquet@In.org
Consequat Corp.,+45 6831 0888,felis.eget@orcilacusvestibulum.org
Suscipit Est LLP,+45 4637 1907,dolor.elit.pellentesque@semut.ca
Et LLP,+45 6814 9023,lorem.auctor@etipsumcursus.net
Magna Tellus Faucibus Corp.,+45 9090 0162,dictum@duiSuspendisseac.org
Dui In Consulting,+45 4451 2886,tellus.lorem@ut.net
Nunc Id Incorporated,+45 8927 8896,nibh.lacinia.orci@adui.edu
Convallis Ligula Company,+45 7496 7262,ac.arcu@pedemalesuada.edu
Egestas PC,+45 4603 6754,eros@Nunc.ca
Dis Parturient LLC,+45 4743 7134,ornare.libero@egetvolutpat.net
Nunc Sed Incorporated,+45 6969 5151,Nullam.velit.dui@gravida.ca
Natoque Penatibus Consulting,+45 2211 3869,at.iaculis.quis@facilisisnonbibendum.edu
Feugiat Inc.,+45 7564 3390,molestie.tellus@vitae.net
Risus Odio Corporation,+45 9357 1626,lorem.ut.aliquam@etipsumcursus.ca
Metus Urna Inc.,+45 9186 6085,ipsum.cursus@magnisdis.org
Eget Mollis Lectus Industries,+45 2013 9271,sociis.natoque.penatibus@luctus.net
Tellus Id Nunc Corp.,+45 1151 2847,suscipit.est.ac@cursus.ca
Felis Orci Adipiscing LLP,+45 1929 3522,purus.Maecenas.libero@Nullatemporaugue.com
Commodo Hendrerit Donec Foundation,+45 5347 8435,et.netus@Mauriseuturpis.co.uk
A Auctor Non LLP,+45 1833 3370,tempus@imperdiet.co.uk
Iaculis Nec Institute,+45 1173 6621,sagittis@hendreritconsectetuercursus.com
Dolor Quisque Tincidunt Ltd,+45 9274 7313,euismod.enim@dolorDonecfringilla.co.uk
Est Ac Facilisis Inc.,+45 2803 2380,Duis.mi.enim@Naminterdum.co.uk
Proin Non Massa Corp.,+45 5409 0180,Curabitur@iaculis.net
Sed PC,+45 6470 7470,luctus@magnaDuis.org
Sed Est Consulting,+45 4973 1559,aliquet@duinecurna.org
Leo Industries,+45 5769 0952,vel.mauris.Integer@interdum.net
Dictum Limited,+45 7206 1814,In@Innec.edu
Tristique Senectus Et PC,+45 7471 8039,Morbi@Quisqueporttitor.edu
Interdum Libero Incorporated,+45 2973 8088,lacus.Aliquam@vestibulumneceuismod.net
Et Tristique PC,+45 9486 5345,et.euismod.et@egestas.net
Non Lacinia At Consulting,+45 3298 9880,metus@elitCurabitursed.org
Lacus Incorporated,+45 3103 4148,tortor@enimCurabitur.com
Quis Corp.,+45 9809 1274,sit.amet@cursusnonegestas.net
Velit Sed Malesuada Incorporated,+45 1858 2886,gravida.sagittis@sit.co.uk
Class Company,+45 3169 3317,aliquam.arcu.Aliquam@ipsum.co.uk
Facilisi Sed Neque Corp.,+45 9441 6295,aliquam.enim@porttitor.co.uk
Imperdiet Ornare In Industries,+45 7257 6127,adipiscing.lacus@molestie.com
Eget Venenatis A Consulting,+45 8612 9154,orci@aliquamiaculis.com
Lorem Ut Consulting,+45 7686 9439,convallis.in@Praesent.com
Risus In Industries,+45 3091 1715,Phasellus.at@necmauris.org
Metus Sit Corp.,+45 6029 4506,risus.a.ultricies@magnaPraesent.edu
Habitant Morbi Foundation,+45 5910 9217,Nunc@Proinvelit.edu
Leo Consulting,+45 5267 7570,diam.luctus@adipiscinglacus.ca
Magna Associates,+45 3148 6957,In@Nullam.edu
Pede Inc.,+45 4610 0367,Suspendisse.tristique@a.co.uk
At Sem LLC,+45 7631 9539,Fusce@nisiMauris.org
Mattis Semper LLC,+45 6580 2437,velit@nascetur.org
Sed Dictum PC,+45 1735 9703,convallis.dolor@dignissim.com
Malesuada Vel Institute,+45 4260 5199,erat@metusvitaevelit.ca
Ornare Lectus Inc.,+45 6389 7139,vitae@sedlibero.co.uk
Nec Euismod Institute,+45 3057 1827,egestas@nuncrisus.com
Sit LLP,+45 4697 2675,posuere.cubilia.Curae@orci.edu
Et Arcu Limited,+45 9985 7911,dictum@estconguea.net
Nulla Integer Vulputate Company,+45 6617 4608,at.augue@rutrum.co.uk
Ornare Tortor At Corporation,+45 6280 9381,dolor.Fusce@Crasvehiculaaliquet.net
Nibh Dolor Nonummy Ltd,+45 5858 0138,elit.dictum@aliquetdiam.net
Lacus Limited,+45 1707 2030,malesuada@egetipsumDonec.com
Amet Ante Associates,+45 9126 7928,Maecenas.libero.est@sociisnatoquepenatibus.edu
Consectetuer Corp.,+45 2462 4385,volutpat.ornare@diam.ca
Facilisis Limited,+45 4429 5815,Nunc.pulvinar@ornare.edu
Vitae Sodales Foundation,+45 4843 6837,eget@utlacusNulla.co.uk
Morbi Incorporated,+45 7628 9863,Proin.nisl.sem@tempusrisus.net
Sagittis Lobortis Mauris LLP,+45 1991 5763,adipiscing@odioAliquam.org
Tincidunt Aliquam Limited,+45 8424 4415,Phasellus.fermentum@tinciduntaliquam.net
Lobortis Ltd,+45 7278 2528,eros.nec@quis.com
Arcu Consulting,+45 7985 5157,sociis.natoque.penatibus@hendreritconsectetuercursus.edu
Sagittis Lobortis Incorporated,+45 9418 1241,hendrerit.neque@sagittissemperNam.com
Nullam Feugiat Inc.,+45 8024 5611,Suspendisse.ac.metus@mattisInteger.org
Tellus Nunc Lectus Inc.,+45 4432 9236,ullamcorper.viverra.Maecenas@Phasellusvitaemauris.edu