Jackson,Castaneda,74,+45 7399 9056,Integer.vulputate@egestas.co.uk
Nell,Gilliam,34,+45 4682 0343,diam.vel@Nunc.com
Hiram,Solis,80,+45 5708 7296,placerat.augue@arcuvelquam.co.uk
Tanner,Schwartz,21,+45 8229 1676,pede.Cum@sapiencursus.co.uk
Kelsie,Cain,31,+45 2072 6107,consequat.lectus@Crasdolor.edu
Mari,Lamb,27,+45 3181 0070,in.consequat@est.net
Kylee,Baxter,57,+45 6775 3887,amet.consectetuer@semegetmassa.co.uk
Lesley,Malone,28,+45 6532 0083,at.iaculis.quis@rhoncusid.com
Cullen,Allison,99,+45 4877 6298,pede.Suspendisse@consequatauctornunc.co.uk
Castor,Kinney,40,+45 1196 0405,faucibus.Morbi.vehicula@nequevenenatis.co.uk
Alana,Middleton,73,+45 1037 1251,ligula.Aenean.gravida@Proin.net
Cleo,Berger,17,+45 7793 2016,Suspendisse.commodo.tincidunt@etliberoProin.co.uk
Abigail,Grant,12,+45 9239 1285,sapien@Nunc.net
Flynn,Howell,88,+45 2628 6097,diam@Proinnonmassa.edu
Rebekah,Knox,35,+45 3187 5177,at@nibhAliquam.co.uk
Thane,Fitzpatrick,26,+45 9097 6777,lectus.sit@Proinvelit.com
Justine,Foley,91,+45 3859 8666,lorem.auctor@Maecenas.edu
Fuller,Avery,71,+45 4380 3060,Curabitur@nec.ca
Chadwick,Gilbert,38,+45 8199 3006,pharetra.Nam.ac@sapien.org
Amos,Abbott,92,+45 8767 6342,aliquet.magna.a@gravidaAliquam.net
Wayne,Woods,68,+45 4320 9201,Mauris.non@ligula.ca
Jade,Bruce,61,+45 2982 2809,vel.arcu@vitae.net
Dylan,Paul,85,+45 5309 7849,sem.semper.erat@at.com
Wade,Stephenson,48,+45 1624 3375,arcu@sem.org
Tashya,Craig,91,+45 5573 9521,Vivamus@nislelementumpurus.net
Abdul,Powers,89,+45 7798 8980,orci.adipiscing.non@pede.ca
Evangeline,Shepard,78,+45 2841 4302,ultrices@pellentesque.edu
Tarik,Ortega,94,+45 4678 0882,lorem.Donec@elitpedemalesuada.ca
TaShya,Roth,89,+45 2361 4195,quis@gravidasagittisDuis.ca
Zachary,Briggs,10,+45 1391 1071,luctus.ipsum.leo@interdum.net
Orli,Powers,5,+45 9255 5038,nec.tempus.mauris@commodo.com
Arthur,Bean,10,+45 3174 7249,ut.mi.Duis@elitpede.edu
Armando,Holden,14,+45 4208 2986,Mauris@rutrumurna.co.uk
Clayton,Foley,15,+45 1921 0946,malesuada@parturientmontesnascetur.net
Yoshio,Blanchard,5,+45 7399 1846,facilisis.facilisis@magna.ca
Wynter,Griffin,50,+45 4752 4670,tortor.Nunc.commodo@antelectus.edu
Nathan,Conley,15,+45 5932 0700,dolor.dolor.tempus@blanditenimconsequat.edu
Roanna,Dodson,57,+45 6688 5908,neque@tempus.ca
Kylie,Guzman,49,+45 2068 2702,euismod.mauris.eu@euodioPhasellus.org
Camden,Jarvis,10,+45 4843 5939,mauris@ascelerisquesed.net
Geoffrey,Christian,32,+45 2903 8314,commodo@sem.org
Courtney,Cruz,64,+45 9964 0558,dis@mauris.co.uk
Frances,Preston,51,+45 2535 0127,Nullam.scelerisque@elitpretiumet.net
Gillian,Gomez,34,+45 6717 0845,Mauris@montes.edu
Montana,Davidson,13,+45 5367 2639,nunc.nulla@utnulla.com
Jasper,Guy,15,+45 9318 6542,imperdiet.ornare@Lorem.edu
Chase,Landry,77,+45 5133 1643,Vivamus.nisi.Mauris@Aeneanegetmagna.ca
Isabella,Moran,31,+45 8777 3118,convallis@augueSed.ca
Brian,Paul,8,+45 6619 2548,Nulla.eu.neque@elitAliquam.com
Karina,Bond,17,+45 3505 4194,sem.elit@condimentumDonec.ca
Berk,Mcclure,77,+45 8103 8288,bibendum.sed@sapien.com
Dexter,Merrill,17,+45 9549 0938,pretium.neque.Morbi@necanteblandit.ca
Zorita,Dudley,56,+45 4468 7493,ultricies@iaculis.ca
Trevor,Mccarty,79,+45 5080 6876,lorem.ac@ipsumnon.ca
Violet,Huff,25,+45 5903 1253,nisl.Nulla@faucibusutnulla.co.uk
Hilary,Giles,82,+45 9425 1066,vitae.risus.Duis@rutrumeu.co.uk
Evangeline,Ortiz,42,+45 1466 7687,in.consectetuer@pedemalesuada.co.uk
Aquila,Floyd,97,+45 1415 4142,porttitor.tellus.non@malesuada.ca
Judith,Jordan,75,+45 5490 3815,sed@Vivamusnon.com
Laurel,Mooney,20,+45 9346 9797,Nulla.tincidunt.neque@quamCurabiturvel.co.uk
Glenna,Glover,95,+45 1107 8611,luctus.felis.purus@Nuncmauris.co.uk
Aristotle,Harper,32,+45 8732 6086,Fusce.fermentum.fermentum@neque.com
Benedict,Finley,73,+45 5043 5603,tellus@gravidasagittis.org
Ezekiel,Ryan,54,+45 8312 7907,at.auctor@anteipsumprimis.edu
Hyacinth,Crane,12,+45 9775 8186,enim.Mauris@Aliquamnec.com
Ina,Reynolds,34,+45 1541 3948,non@sapienmolestieorci.co.uk
Aretha,Estrada,47,+45 1896 2564,In@amet.net
Whilemina,Steele,79,+45 3470 8337,ipsum@urnaNullam.net
Flavia,Thompson,48,+45 8802 4932,ac.mattis.ornare@orci.ca
Dane,Garrett,98,+45 5786 3718,eu.ultrices@parturientmontesnascetur.edu
Shad,Mayer,66,+45 2476 4174,non@et.com
Zoe,Pierce,14,+45 1186 4098,at.arcu@Integeraliquamadipiscing.org
September,Armstrong,42,+45 6015 3434,est@nequesed.org
Penelope,Greer,76,+45 8186 2561,vestibulum@nec.com
Benjamin,Stone,30,+45 5307 3877,ornare.lectus.justo@Curabitur.edu
Bradley,Estes,11,+45 4563 8075,enim.diam@lobortisClassaptent.ca
Hakeem,Burnett,37,+45 5584 9050,cubilia@pharetraQuisqueac.org
Drake,Shannon,90,+45 1326 1597,blandit@luctus.co.uk
Victor,Dunn,96,+45 3651 9220,Integer@arcuSed.net
Kibo,Shaffer,100,+45 9556 6537,euismod.ac@Quisquenonummy.net
Elvis,Rivers,96,+45 8163 7543,felis.Donec@necmollis.ca
Skyler,Hinton,38,+45 5594 2776,Praesent.eu.dui@erat.ca
Latifah,Fischer,97,+45 7070 6156,ullamcorper.velit@estac.edu
Malachi,Winters,3,+45 3764 6281,Cras.dictum@facilisis.org
Shaeleigh,Key,85,+45 3318 3375,vel.sapien.imperdiet@vehiculaet.com
Alan,Velasquez,54,+45 4011 3195,nec.urna@vitae.org
Hashim,Kerr,88,+45 8225 6743,Quisque@ornareelitelit.co.uk
Roanna,Puckett,9,+45 2938 6017,natoque.penatibus@nuncestmollis.ca
Jack,French,73,+45 8697 4928,sem@Phaselluselit.com
Olga,Oconnor,59,+45 6110 3698,nunc.In.at@Nuncquisarcu.co.uk
Lillith,Miranda,70,+45 6435 2284,diam.nunc@Aliquamadipiscing.co.uk
Bruce,Moran,99,+45 3060 5341,varius.Nam.porttitor@vitae.org
Gary,Hickman,81,+45 2759 4286,lobortis.risus@viverraDonectempus.com
Driscoll,Mckenzie,31,+45 7342 1478,risus.a@pedeNunc.edu
Robin,Osborne,63,+45 3148 9128,fermentum.vel.mauris@lectus.org
Jocelyn,Haney,92,+45 8518 9131,mi@eumetusIn.co.uk
Caleb,Brown,89,+45 3614 1642,sagittis.augue@cursus.ca
Finn,Gardner,46,+45 9629 9622,ac.nulla.In@blandit.edu
Len,Monroe,24,+45 5441 4579,non@sitamet.co.uk
Tana,Vang,56,+45 2323 0227,tristique.pharetra@molestiedapibusligula.cafirstName,lastName,customer,phone,email
Akeem,Mays,74,+45 6511 9955,non.nisi@vel.co.uk
Grace,Thornton,47,+45 7936 4063,ante.ipsum@massaVestibulumaccumsan.edu
Stephen,Watson,7,+45 5562 1897,eu.neque.pellentesque@nibhdolornonummy.edu
Adele,Giles,53,+45 2404 3087,nec.eleifend@malesuada.ca
Dominique,Hill,3,+45 9649 0432,enim.nisl@dolornonummyac.net
Quynn,Erickson,79,+45 4527 8173,hendrerit@ultrices.co.uk
Gillian,Sellers,15,+45 7150 9669,tellus.Aenean.egestas@vitae.com
Timon,Wolfe,90,+45 3043 3641,justo@nislelementumpurus.com
Salvador,Lamb,99,+45 9659 1576,Cum@lobortisquam.ca
Quinn,Wood,72,+45 8368 9299,nec@mauriserateget.ca
Allistair,Gibbs,60,+45 9649 5176,a.dui@enimEtiamgravida.net
Hilel,Davenport,33,+45 4386 5412,ligula.tortor@amet.org
Kendall,Clemons,70,+45 8455 3255,lorem@pedeSuspendisse.edu
Upton,French,35,+45 4321 1644,Curae@Nullamenim.ca
Colleen,Sawyer,65,+45 5984 8178,facilisis.eget@turpis.net
Gay,Oconnor,35,+45 1771 2184,nulla.In@congue.net
Velma,Alvarado,7,+45 3762 0550,commodo@Nunc.co.uk
Destiny,Garza,88,+45 9681 2129,faucibus@quis.edu
Davis,Foster,81,+45 4090 9260,suscipit@cubiliaCuraePhasellus.co.uk
Karly,Duffy,57,+45 9005 7567,nec.quam.Curabitur@euultrices.co.uk
Regina,Wilder,14,+45 9045 0117,Vivamus.molestie@facilisis.co.uk
Alexis,Bennett,85,+45 9845 9664,eget.ipsum.Suspendisse@eleifend.ca
Herman,Boone,80,+45 7474 1530,Quisque.libero.lacus@necmalesuada.org
Melanie,Jenkins,83,+45 3971 1472,massa.Integer.vitae@mi.co.uk
Gemma,Cook,68,+45 3996 2105,arcu.Aliquam.ultrices@dui.com
Mia,Cannon,57,+45 1092 5678,Aenean@turpisAliquamadipiscing.edu
Deanna,Lang,84,+45 3489 4456,eleifend@quislectusNullam.com
Robert,Frost,44,+45 7530 8328,nunc.est@velnisl.com
Wyatt,Chan,67,+45 5863 4243,In.nec.orci@justoeuarcu.ca
Tucker,Randall,37,+45 7481 5577,et.rutrum.eu@posuere.org
Hammett,Cochran,76,+45 9732 7757,eu.augue@ornare.ca
Marcia,Mayo,44,+45 9282 1101,mattis@aliquet.ca
Ahmed,Burt,96,+45 1323 0599,neque.Nullam.nisl@vestibulumMaurismagna.ca
Scarlett,Weaver,59,+45 7729 7869,aliquet.odio@lobortisultricesVivamus.com
Abel,Fry,30,+45 3947 3603,Vestibulum@leoelementum.edu
Baxter,Rosa,54,+45 4857 4592,amet@venenatisvel.co.uk
Ruby,Santos,46,+45 1728 3048,Nulla.eget.metus@nunc.org
Pascale,Sanford,92,+45 8210 9797,Sed@dictumeueleifend.net
Eve,Figueroa,96,+45 8994 9352,aliquet.vel@lectusNullam.com
Heidi,Chase,70,+45 3906 8140,leo.Vivamus.nibh@sitamet.com
Shannon,Bennett,39,+45 4649 0711,aliquet@eueuismodac.net
Steel,Lindsay,99,+45 3620 9435,gravida.Aliquam.tincidunt@mauris.net
Haley,Patterson,26,+45 9772 9525,tristique.aliquet.Phasellus@vitaeodio.ca
Susan,Bird,21,+45 4626 4172,lobortis.mauris.Suspendisse@anunc.org
Kelsie,Giles,81,+45 3551 7204,consequat.nec@metus.com
Samuel,Jefferson,38,+45 6682 4115,tincidunt@et.ca
Philip,Alvarado,71,+45 4823 7003,Duis.gravida@metusAenean.ca
Gretchen,Gray,19,+45 2387 8920,erat.volutpat.Nulla@euismodenim.org
Scarlett,Sawyer,33,+45 1560 3698,Vivamus.nisi.Mauris@rutrumloremac.org
Madaline,Mccullough,21,+45 6139 7862,Nunc.mauris@Innec.org
Samuel,Green,12,+45 5709 6803,a.malesuada.id@interdum.ca
Rahim,Hughes,89,+45 4012 7894,pede@velitCras.ca
Daquan,Hampton,70,+45 7941 4329,nec.diam@semper.org
Cora,Hoffman,29,+45 3760 4906,sed.pede@vulputate.org
Adam,Livingston,13,+45 4329 8461,diam.Duis.mi@senectuset.edu
Laith,Bryant,80,+45 2570 8406,Nulla.eget.metus@afelis.co.uk
Yoshi,West,27,+45 3853 8723,fringilla.est@Praesenteudui.org
Astra,Stevenson,40,+45 8492 3267,Mauris@Craseget.co.uk
Darryl,Gill,77,+45 2107 4474,venenatis@sagittissemperNam.net
Ulric,Blackburn,29,+45 4547 8350,vestibulum.neque.sed@condimentum.co.uk
Shelley,Pena,8,+45 1274 1563,ligula@sapienCras.com
Ray,Briggs,75,+45 4884 8788,et.eros@mattisornare.ca
Ulla,Moody,77,+45 4131 3068,ipsum.dolor@vulputate.com
Minerva,Bray,70,+45 5357 7389,nunc.In.at@rutrumeuultrices.ca
Herrod,Galloway,62,+45 8076 5740,gravida@ametorciUt.ca
Marcia,Castaneda,13,+45 5335 1045,Nunc.mauris.Morbi@diamSed.edu
Keane,Herrera,50,+45 3933 6379,felis.orci.adipiscing@convallis.co.uk
Pearl,Lester,96,+45 4966 5229,Donec.egestas.Duis@Seddiamlorem.org
Brynne,Wilkerson,59,+45 1805 6054,Suspendisse.aliquet.sem@insodaleselit.ca
Lilah,Davis,5,+45 1692 7269,sit.amet@amagnaLorem.co.uk
Farrah,Cote,37,+45 3107 3931,malesuada.ut.sem@Duis.edu
Tanner,William,94,+45 4461 2060,erat.volutpat.Nulla@interdumNunc.co.uk
Constance,Haynes,11,+45 5336 5673,Duis.volutpat.nunc@natoquepenatibuset.org
Zorita,Olsen,2,+45 5439 1580,Aenean.sed.pede@ligulaNullam.edu
Kim,Holloway,92,+45 7152 9560,in@urnaNullamlobortis.net
Noah,Cruz,68,+45 2725 8512,semper.cursus@orciPhasellusdapibus.com
Stella,Norton,64,+45 3437 3453,eu@sapien.ca
Kylan,Wyatt,66,+45 5888 4289,egestas.Duis@convallisest.ca
Lysandra,Miranda,85,+45 1613 2104,Morbi.metus@sed.ca
Benedict,Payne,30,+45 4721 3092,velit@dictumPhasellus.net
Burton,Richard,34,+45 4857 7427,consectetuer@egestasFuscealiquet.edu
Dieter,Baldwin,84,+45 6064 7159,erat.volutpat.Nulla@loremvitaeodio.ca
Genevieve,Rosario,29,+45 5794 3062,Phasellus@pulvinararcu.com
Harlan,Davidson,74,+45 4556 5480,Vivamus@parturientmontesnascetur.edu
Peter,Sutton,48,+45 9716 5237,augue.porttitor@eleifendnuncrisus.org
Ariana,Ewing,15,+45 2543 1514,mattis@eu.edu
Cameron,Daugherty,70,+45 2407 5254,diam@velitegestaslacinia.net
Xandra,Bray,76,+45 9142 0972,gravida@enim.com
Raymond,Nicholson,33,+45 6836 1502,semper.pretium.neque@purusDuis.edu
Orson,Bennett,94,+45 9017 1643,dignissim.magna.a@sapien.ca
Dane,Pickett,96,+45 2026 2347,Vivamus.euismod@lacusMaurisnon.net
Cleo,Pennington,48,+45 4119 3579,Donec@semmolestiesodales.org
Nadine,Cooper,90,+45 3229 6557,Nunc.quis@ac.net
Jorden,Lyons,82,+45 1555 7423,tempor.arcu@nequeseddictum.org
Shana,Benson,100,+45 8308 3320,Nunc.lectus.pede@commodohendreritDonec.net
Ryan,Blair,80,+45 7809 4634,enim.diam.vel@orcisem.ca
Valentine,Crawford,17,+45 9610 8922,In.faucibus.Morbi@Craseu.edu
Alexa,Douglas,91,+45 4849 3872,elit.pretium@Aliquamultricesiaculis.org
Breanna,Montgomery,81,+45 7151 9670,ipsum.nunc.id@consequat.edu
Daquan,Aguilar,37,+45 8735 9412,Quisque.purus@fermentumrisus.co.ukfirstName,lastName,customer,phone,email
Benjamin,Perry,15,+45 2170 7224,Etiam@utpharetra.com
Zane,Travis,94,+45 4731 2344,eu.nulla@egestas.net
Emery,Young,12,+45 9997 5966,cursus@auctor.ca
Paki,Flynn,36,+45 8559 2248,et@luctusut.co.uk
Elton,Mclean,22,+45 5579 1373,vel@Donec.co.uk
Gareth,Rosales,100,+45 2276 7644,Ut@luctus.net
Orson,Booth,74,+45 9580 5857,facilisis@at.ca
Maggy,Buckner,46,+45 6526 8837,eros@auctor.org
Rahim,Mendez,43,+45 8446 3518,natoque@semper.co.uk
Althea,Slater,38,+45 1117 5534,nec.ante@Curabitursedtortor.org
Kevin,Shaffer,50,+45 3769 4855,velit@ante.org
Lesley,Lynn,52,+45 6194 4717,semper@Praesentluctus.com
Zachary,Gibbs,63,+45 3845 9295,augue.ac.ipsum@sapienmolestieorci.ca
Burton,Nieves,47,+45 6518 1460,laoreet.lectus.quis@feugiat.ca
Clayton,Jenkins,33,+45 8445 0259,non@Morbineque.com
Gage,Crawford,29,+45 3990 7304,tortor@amet.org
Nehru,Warren,55,+45 4648 4806,accumsan.neque.et@nectempusmauris.co.uk
Kameko,Fuller,77,+45 1936 2711,justo.sit.amet@seddictumeleifend.com
Maisie,Potts,52,+45 7883 5085,eu@malesuadaInteger.org
TaShya,Bass,90,+45 1758 7798,Phasellus@Donectempor.ca
Chancellor,Wolfe,7,+45 5192 6074,aliquet@ettristique.edu
Jaden,Payne,32,+45 2049 9368,ante.ipsum@fringilla.com
Priscilla,Cook,74,+45 3760 7835,iaculis@velarcu.com
Rhea,Pope,39,+45 2063 4067,mollis.vitae@sitametmassa.net
Solomon,Owens,43,+45 9201 5327,libero@Ut.edu
Lacy,Sears,55,+45 4954 7871,ut@utaliquam.org
Nathan,Barrett,22,+45 5253 1361,non.egestas@ac.net
Frances,Bridges,18,+45 3635 0093,velit.justo@pedeetrisus.edu
Hedy,Maynard,52,+45 4541 4934,Nunc.sollicitudin.commodo@enimdiam.net
Fritz,Conway,56,+45 2639 0009,metus.urna.convallis@ut.ca
Lana,Farley,87,+45 9716 3591,ac.libero@a.ca
Shelley,Harmon,51,+45 4705 5810,ut@urnaNullam.edu
Destiny,Bowers,34,+45 2724 7988,mauris.erat@turpisvitaepurus.org
Hilary,Sharp,82,+45 5508 1710,Aliquam.adipiscing.lobortis@luctus.net
Amber,Donovan,78,+45 5718 3212,ipsum.dolor.sit@non.net
Tyrone,Donaldson,99,+45 8016 2080,Duis.a.mi@lorem.edu
Preston,Jacobs,74,+45 9194 8868,eleifend.nec.malesuada@utquam.co.uk
Mallory,Skinner,91,+45 1092 5390,non.magna.Nam@sodalesnisimagna.org
Kibo,Bentley,73,+45 3907 2314,dictum@purusinmolestie.org
Orlando,Rush,27,+45 4170 9841,pharetra.felis@risus.com
Joel,Carney,24,+45 1187 9460,tincidunt.congue@nullavulputate.com
Rogan,Blevins,72,+45 8100 3426,dis@loremacrisus.org
Erin,Marks,77,+45 5952 0454,mi.tempor.lorem@pedePraesent.com
Alika,Matthews,94,+45 9034 1018,mauris.Integer@Aliquam.org
Naida,Nash,50,+45 8580 4484,sagittis@Loremipsum.org
Giacomo,Bond,25,+45 7684 6919,sit.amet.lorem@Nullamvelit.net
James,Santiago,51,+45 6782 7200,scelerisque.neque.sed@acorciUt.net
Grace,Mcfarland,80,+45 2846 6383,amet.consectetuer@Nullatempor.com
Inez,House,7,+45 5409 0005,molestie.dapibus@semelitpharetra.org
Derek,Dalton,18,+45 1635 3639,Aliquam.erat@idblanditat.ca
Adara,Banks,59,+45 9193 3221,vel.vulputate.eu@fringillaornare.com
Brent,Maddox,2,+45 9153 9748,nec@risus.org
Igor,Mcintyre,80,+45 7547 8486,dignissim.magna.a@arcuAliquam.co.uk
Melvin,Lee,1,+45 8520 6386,non@Aenean.org
Fletcher,Boone,46,+45 7093 4485,velit@Aenean.ca
Frances,Whitney,86,+45 5662 1375,velit@loremipsum.org
Hayes,Aguirre,92,+45 6818 9219,lobortis.tellus.justo@fringillaeuismodenim.net
Ralph,Bailey,58,+45 7659 0016,Lorem.ipsum.dolor@adipiscing.org
Nigel,Sharp,31,+45 7535 3534,non.dapibus.rutrum@Aliquamadipiscing.co.uk
Medge,Maynard,8,+45 6669 7477,ut.mi@anteipsumprimis.co.uk
Avram,Chang,65,+45 1604 0163,lacinia.Sed@Donec.com
Hiroko,Figueroa,19,+45 2770 4104,ut.ipsum.ac@consequat.net
Kylan,Martinez,50,+45 3516 9775,ultrices.Duis@egestasAliquam.ca
Carolyn,Justice,83,+45 5119 3258,mi.lacinia.mattis@feugiat.ca
Evan,Stone,14,+45 7440 0140,dolor.egestas@bibendumfermentum.edu
Kimberley,Wilkins,13,+45 4969 3924,massa.lobortis.ultrices@quamdignissimpharetra.org
Galvin,Irwin,27,+45 9033 8201,placerat@risusDonecegestas.org
Isadora,Kent,70,+45 6864 9813,lectus@pedePraesent.net
Herrod,Dotson,35,+45 8259 9173,ipsum@nostra.net
Colin,Mccarthy,78,+45 9042 9917,Aliquam.ultrices@porttitor.org
Mark,Cunningham,52,+45 7366 0008,nec.tempus.scelerisque@pretium.co.uk
Amos,Harding,37,+45 2464 6396,ridiculus.mus.Aenean@gravidanuncsed.co.uk
Abra,Barrera,79,+45 5800 7710,rhoncus.Donec.est@dapibus.org
Steel,Justice,90,+45 4875 7401,non@cursusnon.co.uk
Julian,Mckay,90,+45 4272 8024,scelerisque.neque.Nullam@Praesentinterdum.net
Bradley,Battle,24,+45 7164 5229,vitae.erat.Vivamus@elit.co.uk
Roanna,Hart,6,+45 3007 9405,ipsum.sodales.purus@Pellentesquetincidunt.edu
Tyrone,Whitney,50,+45 3370 1117,eu@urna.co.uk
Kadeem,English,87,+45 4575 5304,Class@vestibulumnequesed.com
Duncan,Roberson,100,+45 8041 0115,arcu.Vestibulum.ante@Praesenteu.co.uk
Neve,Edwards,57,+45 1199 2733,dui.augue@tincidunt.co.uk
Reed,Pugh,77,+45 2110 5169,massa.Mauris@rutrum.edu
Zachery,Sweeney,94,+45 6414 0678,magnis.dis@Donec.com
Solomon,Wood,36,+45 8582 8223,nulla.Donec@faucibusorciluctus.org
Kathleen,Bond,9,+45 1614 7393,quam@pedemalesuada.edu
Cassady,Chapman,11,+45 6350 9702,lacinia.at@molestiearcu.net
Cadman,Rush,77,+45 7182 5972,vulputate.mauris.sagittis@Aeneanegetmagna.net
Kennan,Olsen,79,+45 8430 3594,non.lobortis@utpellentesqueeget.edu
Wyoming,Herman,44,+45 8075 2900,at.augue@incursus.org
Elmo,Dale,18,+45 2710 1873,pellentesque@tortor.edu
Imani,Salazar,78,+45 6425 0026,in.tempus.eu@dictummagnaUt.edu
Leslie,Vaughan,11,+45 3205 8860,ullamcorper.velit.in@Pellentesquehabitantmorbi.ca
Byron,Norris,23,+45 2609 7677,Vivamus.sit@nonquam.net
Erich,Moss,98,+45 5331 5167,est.mollis@erat.org
Dawn,Hansen,40,+45 5129 0099,id.risus.quis@Sed.com
Burton,Warner,89,+45 7277 6258,magna@risusIn.co.uk
Jackson,Ruiz,61,+45 3295 2280,tellus@utpellentesqueeget.ca
Hanae,Marsh,79,+45 8976 0854,arcu.et.pede@in.net
Dieter,Logan,53,+45 5421 9990,lacus.Etiam@Curabiturdictum.com
Avram,Reyes,51,+45 4487 5338,nulla@Sed.edufirstName,lastName,customer,phone,email
Zenia,Clarke,85,+45 7463 5534,Cras.vehicula.aliquet@eusem.edu
Abra,Gates,70,+45 1323 8786,enim.non@nislNulla.ca
Taylor,Walton,93,+45 1750 5501,ut@consectetuercursuset.net
Thaddeus,Henson,40,+45 8860 9019,feugiat.Lorem.ipsum@afacilisisnon.co.uk
Lucius,Frank,26,+45 9776 5901,eu.nibh@ipsum.net
Meghan,Bradshaw,14,+45 9586 4779,ultrices@Nunc.net
Kylan,Petty,83,+45 1922 4206,quis@faucibusleo.org
Kim,Pratt,11,+45 9932 0221,mauris@a.co.uk
Cassady,Summers,90,+45 8875 9583,magna.Phasellus@arcuiaculis.org
Jamalia,Trevino,52,+45 9298 5472,Integer.vitae.nibh@nonhendrerit.com
Danielle,Buchanan,99,+45 5100 9507,Aenean.eget@Donecvitaeerat.co.uk
Charissa,Ramirez,52,+45 1484 9132,egestas@auctorvelit.org
Caldwell,Stokes,29,+45 8980 9723,arcu@nuncsedpede.com
Vincent,Acosta,16,+45 2018 0946,amet.diam.eu@amet.ca
Nissim,Lynch,55,+45 1918 3869,Suspendisse@et.net
Melyssa,Allison,95,+45 2961 6992,faucibus.id.libero@dui.org
Lucius,Bender,1,+45 5774 9989,morbi@magnaatortor.edu
Aiko,Wagner,46,+45 7831 9724,Aliquam.gravida@felispurusac.net
Marny,David,45,+45 1669 4168,mauris.Integer.sem@ultriciesornareelit.org
Mufutau,Molina,35,+45 7302 3523,natoque@VivamusnisiMauris.com
Martena,Valencia,88,+45 8026 4964,eget.mollis@Curae.net
Destiny,Huber,10,+45 1389 7834,non@malesuadaiderat.com
Roanna,Fleming,25,+45 3409 3961,massa@tristiqueneque.org
Stewart,Lynch,3,+45 2578 3773,risus.varius.orci@Duisami.edu
Iola,Hopper,17,+45 7310 3717,nibh.sit.amet@adipiscingenim.org
Yoshio,Eaton,64,+45 9131 2818,nibh@ac.ca
Shaine,Avila,82,+45 6771 1702,Quisque.ac@volutpatnuncsit.net
Channing,Beach,31,+45 5442 8441,dolor@PhasellusnullaInteger.ca
Lawrence,Charles,87,+45 4785 8279,adipiscing@metus.org
Caleb,Fletcher,19,+45 1197 4743,feugiat.nec@dui.com
Austin,Dejesus,76,+45 1263 8079,arcu.Curabitur.ut@ligula.net
Dane,Griffith,45,+45 6645 2222,ad@morbi.ca
Nomlanga,Eaton,80,+45 5090 4322,rutrum@aliquamerosturpis.net
Gretchen,Blankenship,100,+45 4621 3919,ac.mattis@purusNullamscelerisque.com
Curran,Flynn,23,+45 3521 0103,massa.rutrum@enimgravida.org
Rhona,Forbes,91,+45 5379 4117,dui.nec@euenimEtiam.net
Lawrence,Carver,45,+45 3592 6533,Aliquam.tincidunt.nunc@Fuscefermentumfermentum.com
Aimee,Hurst,25,+45 8255 6719,Sed.et.libero@nonvestibulum.net
Deanna,Horne,96,+45 5152 5955,tristique.senectus@egestasAliquamnec.org
Melinda,Case,60,+45 3527 8759,Cras.dictum.ultricies@duiaugue.org
Karleigh,Hendrix,19,+45 4980 4989,ut@lobortismaurisSuspendisse.com
Channing,Clarke,65,+45 6883 9968,Maecenas.libero@odio.edu
Hilary,Mathews,32,+45 6348 3026,Nam@mollis.ca
Finn,Wiggins,29,+45 1553 3727,elit@ultricesposuerecubilia.org
Jessamine,Rodgers,35,+45 6133 0559,parturient@nibh.net
Mufutau,Hutchinson,10,+45 8211 0946,Fusce@dolorDonec.ca
Luke,Hardin,33,+45 6007 3663,at.libero.Morbi@dictum.net
Gabriel,Williams,76,+45 6862 6027,ac.libero.nec@eu.com
Eaton,Boyle,5,+45 3330 6782,Curabitur.dictum@amalesuadaid.org
Kessie,Oneil,32,+45 3867 7165,ut@risusIn.co.uk
Selma,Coffey,45,+45 2762 4551,Vestibulum.ante@massalobortis.edu
Orlando,Miller,57,+45 9534 9898,egestas.Aliquam.nec@lobortisquam.org
Riley,Wallace,8,+45 7333 5955,odio@hymenaeosMaurisut.co.uk
Shellie,Parrish,44,+45 7862 7842,nibh.enim@magnatellusfaucibus.ca
Kennan,Bryan,52,+45 5766 2901,ac@laciniavitae.edu
Cameron,Riley,42,+45 2388 8252,lorem@semegestasblandit.com
Travis,Calderon,51,+45 3007 7027,Aliquam@euismodin.net
Sylvia,Fitzgerald,22,+45 2523 7928,ante.dictum@nonnisiAenean.net
Indigo,Stevens,63,+45 8232 9469,nulla@loremacrisus.ca
Ahmed,Wade,62,+45 9077 0108,Suspendisse.ac.metus@nonmagnaNam.co.uk
Nayda,Pruitt,68,+45 8238 0372,eget.metus.In@aliquamadipiscinglacus.ca
Dillon,Logan,60,+45 1924 5153,odio.Aliquam.vulputate@Nuncut.edu
Kelly,Nash,69,+45 4473 5866,tellus.Phasellus.elit@acsem.net
Brooke,Short,95,+45 8647 1387,et.tristique.pellentesque@ullamcorper.net
Mark,Atkins,74,+45 8869 3385,ante@Nullam.co.uk
Ishmael,Hale,32,+45 1838 9159,Integer.eu@Mauris.net
Chase,Knox,19,+45 4158 2637,lorem.lorem.luctus@Proinultrices.ca
Josiah,Moreno,79,+45 2066 3330,Morbi.vehicula.Pellentesque@Craslorem.ca
Devin,Garza,80,+45 1298 3940,rutrum.justo.Praesent@Innec.co.uk
Lee,Price,29,+45 3394 4113,velit.Pellentesque.ultricies@magna.ca
Axel,Summers,58,+45 9504 7254,lectus.sit@sem.com
Shaeleigh,Patterson,57,+45 2723 7926,Sed.dictum@nullaIntincidunt.com
Fleur,Nichols,35,+45 3805 9999,ipsum@iaculis.ca
Garrett,Salas,80,+45 1417 3420,augue.ac@ridiculusmus.org
Ruby,Knox,78,+45 4940 4628,id.ante@gravidaPraesent.edu
Dana,Burton,97,+45 2555 6651,turpis.egestas@montesnasceturridiculus.net
Reed,William,91,+45 6485 3055,lorem.eget.mollis@Phasellusdolor.co.uk
Philip,Hays,5,+45 1577 8609,dictum.eu@diam.edu
Arden,Knox,52,+45 6405 7913,varius@gravida.edu
Desirae,Wise,18,+45 8274 6634,lorem.vehicula@lacus.co.uk
Abel,Fernandez,47,+45 3218 0976,sit.amet@lorem.net
Naida,William,35,+45 4254 5653,in.faucibus.orci@euaccumsansed.edu
Pamela,King,6,+45 5805 7439,pellentesque.massa.lobortis@nasceturridiculusmus.edu
Gregory,Reed,82,+45 1844 1959,in.faucibus@magna.org
Felix,Morrow,56,+45 6780 3273,sociis.natoque@eu.com
Felix,Goodwin,52,+45 6409 0616,ut@lacusUtnec.org
Xerxes,Hart,12,+45 5593 1122,Donec@nuncsit.net
Elaine,Howe,8,+45 9928 5619,adipiscing.enim.mi@dolorFusce.edu
Solomon,White,75,+45 8195 0680,mi@lorem.ca
Edan,Mcmillan,47,+45 8876 6183,Nunc.pulvinar@Namtempordiam.edu
Amaya,Schneider,41,+45 2966 9340,consectetuer.cursus.et@enimEtiam.net
Illana,Harris,3,+45 9785 7749,at@sodalesnisi.net
Xantha,Chaney,61,+45 1286 4853,sapien@posuere.edu
Maia,Medina,48,+45 2502 4049,orci@est.edu
Otto,Hendrix,81,+45 6317 8745,eget.venenatis.a@Nam.ca
Ezekiel,Mercer,66,+45 6420 5178,pulvinar@Uttincidunt.net
Chanda,Peters,10,+45 9769 3556,nec.ante.blandit@laciniaat.net
Gavin,Elliott,50,+45 7027 6181,malesuada.ut@nonhendrerit.ca
Karen,Roach,42,+45 3169 3373,mi.ac.mattis@velnislQuisque.net
Lenore,Carlson,51,+45 3528 5921,Mauris@ligulaeu.co.ukfirstName,lastName,customer,phone,email
Tyrone,Mcfarland,24,+45 5211 1189,sodales.nisi.magna@pharetrafeliseget.org
Mohammad,Flores,75,+45 5070 6599,Ut.sagittis.lobortis@diamSed.ca
Bethany,Sherman,22,+45 6972 5677,mi@laoreet.net
Brian,Gonzalez,17,+45 5008 6481,nec.quam.Curabitur@egestasAliquam.net
Bradley,Hamilton,74,+45 4903 7448,porttitor.tellus.non@famesac.co.uk
Gage,Weiss,85,+45 1926 5662,vel.pede@Aeneangravida.edu
Amanda,Alexander,8,+45 4291 6303,lacus@Mauris.com
Matthew,Rosa,78,+45 1951 2101,ante.ipsum@necmetusfacilisis.co.uk
Troy,Snider,26,+45 7347 2441,penatibus.et.magnis@indolor.edu
Blake,Romero,60,+45 9549 1684,eget.odio.Aliquam@amet.edu
Micah,Lynch,40,+45 4395 0523,turpis@intempuseu.ca
Jolie,Melendez,60,+45 5990 1007,risus.Morbi@semperNamtempor.ca
Violet,Martinez,18,+45 6596 5860,sagittis.Duis.gravida@arcueu.co.uk
Ashely,Hines,32,+45 6196 3649,blandit@accumsaninterdumlibero.net
Thomas,Lawrence,78,+45 4261 0767,arcu@et.com
Rana,Taylor,38,+45 4661 8957,neque@augue.co.uk
Brandon,Holloway,8,+45 7597 4814,id@nisl.org
Herman,Hines,15,+45 7419 9791,urna.Vivamus@Praesent.ca
Nayda,Pickett,30,+45 7036 6459,vel.pede@luctus.edu
Rhiannon,Rojas,24,+45 5497 9107,sit@lectus.ca
Ulla,Gilmore,23,+45 4640 8116,Duis@mipedenonummy.org
Cassidy,Tanner,23,+45 7517 6247,interdum@nonleo.org
Dylan,Becker,90,+45 9967 3148,quis@loremfringilla.com
Yetta,Craft,11,+45 8472 7659,tellus@Duis.org
Willa,Soto,93,+45 8622 2778,dis.parturient@duilectus.ca
Jordan,Cline,3,+45 7482 7491,vulputate.lacus@eget.org
Baxter,Bush,89,+45 7864 6620,augue.ac.ipsum@gravida.net
Aquila,Rasmussen,83,+45 8428 4732,eget.massa@enimMauris.org
Fuller,Trevino,19,+45 9721 8846,a.felis.ullamcorper@Curabitur.com
Francis,Duran,5,+45 6983 1510,pellentesque.Sed@aliquetliberoInteger.co.uk
Candice,Walters,23,+45 4652 1492,consectetuer.euismod.est@pedemalesuada.org
Keely,Chandler,92,+45 8686 6750,in.lobortis.tellus@Aliquam.co.uk
Otto,Shaffer,91,+45 8886 0526,arcu.Aliquam.ultrices@ultricesiaculis.net
Maisie,Castaneda,29,+45 5734 7159,in.lobortis@porttitorvulputateposuere.co.uk
Lani,Santos,58,+45 1247 3091,purus.sapien.gravida@vestibulummassa.edu
Farrah,Hanson,47,+45 3996 4715,pellentesque.Sed@Fuscefermentum.com
Jin,Jennings,86,+45 4824 5205,non@etmagnisdis.co.uk
Caldwell,Atkins,28,+45 2748 5100,felis@Morbivehicula.ca
Ryder,Burch,3,+45 2829 9164,et@elementum.org
Lee,Townsend,29,+45 6260 9285,ac@aliquamiaculislacus.net
Cedric,Kline,95,+45 8551 0457,Suspendisse.aliquet@Maecenasmi.co.uk
Quinn,Richardson,58,+45 9931 3707,et.risus@massaMauris.co.uk
Cara,Hewitt,76,+45 2714 1551,purus.gravida.sagittis@odioNam.ca
Berk,Velez,95,+45 7793 6087,imperdiet@nisiCum.edu
Melanie,Reed,8,+45 5526 1173,Sed.neque@loremlorem.com
Abdul,Herring,59,+45 8920 8637,vel@etrutrumeu.co.uk
Kaye,Ortega,61,+45 7113 1037,eget.massa@pellentesquemassa.org
Roth,Eaton,63,+45 5496 0512,eu.augue@leo.net
Zelda,Perez,47,+45 4598 4961,ullamcorper.nisl.arcu@enimEtiamgravida.com
Luke,Morgan,66,+45 9258 3409,Integer.aliquam.adipiscing@Vivamusnibhdolor.org
Ethan,Patterson,7,+45 4872 7905,elementum@afelis.edu
Penelope,Barker,21,+45 7740 2786,Suspendisse.dui.Fusce@pedeCrasvulputate.co.uk
Brendan,Kline,75,+45 8181 0805,natoque@nec.co.uk
Caldwell,Parks,61,+45 3151 2155,ipsum.primis@elit.org
Mollie,Ingram,59,+45 4492 4768,magna.Duis@metus.com
Akeem,Chandler,21,+45 3398 8051,pharetra.Nam@pharetraQuisqueac.org
Zeus,Chang,75,+45 6691 5266,gravida.sit@duinecurna.ca
Uriel,Rodriguez,39,+45 8302 8685,Proin.vel@orci.co.uk
Raymond,Riggs,47,+45 8068 8000,nunc.sed.pede@ullamcorpervelit.net
Levi,Hunt,87,+45 9983 4199,habitant.morbi@convallisconvallisdolor.edu
Dylan,Mack,72,+45 1786 0919,Cras.interdum.Nunc@convallisconvallis.org
Isaiah,Williams,14,+45 6168 1632,risus.odio.auctor@sagittisplaceratCras.com
Erich,Gilbert,32,+45 3945 5390,tempus.risus.Donec@Ut.ca
Reuben,Alvarado,25,+45 5692 2391,posuere.at@MaurismagnaDuis.ca
Cleo,Crane,32,+45 6326 6725,ipsum.Curabitur.consequat@In.net
Darius,Mayo,85,+45 5867 2154,et.commodo.at@lacus.net
Sierra,Huff,9,+45 4412 6832,quam.Pellentesque@nullaDonec.co.uk
Lane,Meyer,52,+45 1062 5938,Nam@disparturient.edu
Teagan,Logan,43,+45 5842 3755,adipiscing@ultrices.net
Yolanda,Hinton,94,+45 2347 0779,mauris.sagittis.placerat@orci.ca
Rooney,Frye,37,+45 7977 3675,vulputate@et.net
Kirsten,Hicks,54,+45 5680 6527,commodo@Aliquam.ca
Phillip,Carney,66,+45 4692 9872,placerat@acmattis.org
Anne,Maddox,86,+45 2189 3073,dis@dolorQuisquetincidunt.ca
Logan,Jenkins,19,+45 2248 0557,ultrices@metus.org
Cyrus,Sutton,88,+45 9188 5065,odio.Etiam@enim.org
Beverly,Chavez,49,+45 2572 5518,pede@felis.org
Sigourney,Rice,71,+45 6977 8931,at.egestas@eutellus.com
Chiquita,Burton,19,+45 2751 9438,Praesent.eu@egestasurna.ca
Herman,Knowles,27,+45 8048 3002,non.ante.bibendum@rhoncus.com
Gregory,Vasquez,50,+45 7115 1871,nibh.Aliquam.ornare@elitdictum.net
Nicholas,Roman,44,+45 9473 9717,eleifend.Cras.sed@Fusce.edu
Justina,Wynn,47,+45 5788 2584,lorem@gravida.com
Paloma,Hayes,4,+45 1706 1218,facilisi@laoreet.ca
Jasmine,Medina,13,+45 2922 1287,dapibus.gravida.Aliquam@Vestibulumante.co.uk
Davis,Hayes,63,+45 4625 0375,sit@et.edu
Ori,Kane,74,+45 2838 1272,Lorem@mauriserateget.com
Tucker,Gardner,90,+45 7431 3697,vel@antedictummi.ca
Leroy,Sanders,33,+45 2459 4568,eget@condimentum.ca
Bell,Wilson,44,+45 5790 9664,enim.Suspendisse.aliquet@cursus.net
Ayanna,Savage,22,+45 7078 3128,Sed@sitametrisus.net
Uma,Buckley,65,+45 1117 0302,lorem@rhoncus.net
Arden,Hurley,78,+45 9265 9013,non@cubiliaCuraePhasellus.com
Breanna,Wagner,26,+45 1792 1226,fringilla@Cum.ca
Athena,Harding,76,+45 8179 1652,lacus.Quisque@idrisus.net
Keane,Atkinson,36,+45 1101 2323,Cum.sociis@vehicula.net
Katell,Chapman,82,+45 7303 5819,pede@metusvitae.co.uk
Dorothy,Roman,9,+45 6461 2147,dolor@eratVivamus.edu
Hiram,Nichols,98,+45 9049 1288,parturient.montes@turpisNulla.co.uk
Nola,Taylor,69,+45 6839 8010,turpis.In@loremsemper.orgfirstName,lastName,customer,phone,email
Katelyn,Rowe,60,+45 2405 1530,cubilia.Curae@commodoauctorvelit.co.uk
Herman,Sutton,80,+45 7214 4816,mauris.ipsum@consequatlectussit.net
Briar,Jones,95,+45 1656 8132,lacus.Nulla@justoProinnon.net
Sophia,Howe,91,+45 5834 7558,Cras@loremsit.com
Orson,Garcia,37,+45 8734 6561,nec.euismod@dis.org
Thor,Keith,96,+45 7810 9465,Mauris@at.edu
Byron,Kent,37,+45 2540 0878,mollis@infelis.co.uk
Kibo,Chan,69,+45 1361 3814,Curabitur.ut.odio@Quisque.org
Karleigh,Whitfield,4,+45 4419 2502,pede.blandit@tincidunt.co.uk
Wayne,Browning,67,+45 4478 4095,adipiscing@variusNam.org
Teagan,Mitchell,32,+45 7749 9298,mollis.nec@aultricies.edu
Ashton,Ingram,78,+45 4766 8613,non.bibendum.sed@velesttempor.ca
Malachi,Henderson,33,+45 6200 6672,mollis@justositamet.com
Noelani,Good,45,+45 6783 9855,Integer.sem.elit@ipsumSuspendisse.com
Tucker,Diaz,56,+45 2324 3415,blandit@elementumduiquis.edu
Skyler,Quinn,29,+45 5708 8971,eu@Donecsollicitudin.co.uk
Phelan,Mcconnell,66,+45 7819 3193,ornare@nullaatsem.com
Ignatius,Daniels,38,+45 7913 9365,sed.pede.nec@loremegetmollis.ca
Whilemina,Conner,66,+45 1224 1570,justo.eu.arcu@disparturient.org
Brynne,Robles,73,+45 7709 6092,lacus.Mauris@ac.co.uk
Lane,Ingram,45,+45 9504 8379,eros.Proin.ultrices@necenimNunc.ca
Allistair,Rosales,37,+45 6860 8538,ipsum@eratvitae.net
Kane,Johnston,54,+45 8102 7636,ornare.tortor.at@Aliquamauctor.net
Todd,Bryan,47,+45 5953 6782,tempus.lorem.fringilla@CurabiturmassaVestibulum.co.uk
Aline,Morales,54,+45 5152 9675,faucibus.id@euismod.edu
Cara,Morrison,49,+45 2963 6538,Suspendisse@nectempus.co.uk
Irma,Yang,15,+45 9299 8657,sollicitudin.a.malesuada@tellusnon.org
Yvonne,Porter,59,+45 1294 9644,odio.a.purus@vitaeodiosagittis.ca
Abraham,Macias,24,+45 8394 2686,Class.aptent@turpis.org
Rhiannon,Andrews,80,+45 4945 5720,in.tempus@magnamalesuada.edu
Wallace,Mckinney,66,+45 2984 9341,pretium@auctorullamcorper.com
Amber,Cantrell,79,+45 9279 6557,nec@arcuAliquamultrices.co.uk
Kato,Contreras,95,+45 9012 7457,dapibus.ligula@Aliquamauctor.ca
Cassady,Justice,68,+45 9634 5275,molestie@vitaedolor.org
Brittany,May,88,+45 8170 7077,semper.egestas.urna@nunc.ca
Pandora,Solomon,97,+45 2208 6633,imperdiet.dictum.magna@tinciduntdui.org
Galvin,Ware,17,+45 3815 9462,dolor@Maecenaslibero.net
Dakota,Richards,59,+45 6064 3396,auctor.vitae.aliquet@Nuncmauris.co.uk
Dennis,Oneil,63,+45 4476 6384,venenatis.vel@NulladignissimMaecenas.net
Jeremy,Sweet,37,+45 5923 3748,rutrum.lorem@nisl.com
Quintessa,Christensen,49,+45 3478 5918,a@risusatfringilla.co.uk
Unity,Herring,75,+45 2899 8038,et@posuerecubilia.net
Stephen,Swanson,4,+45 9232 8840,arcu@Donec.com
Lani,Carr,61,+45 1780 3800,vitae.aliquam@velit.edu
Ferdinand,Sargent,36,+45 4246 9990,facilisis.non.bibendum@ornare.net
Faith,Merrill,78,+45 4049 1006,Nullam@risusodio.edu
Suki,Hogan,31,+45 3706 0594,dolor.tempus.non@acmattisvelit.net
Palmer,Hunter,74,+45 1558 1882,semper@uterosnon.org
Gavin,Kennedy,48,+45 9926 0024,elit.elit@nisisem.org
Aimee,Bird,48,+45 7089 6426,Duis.sit.amet@atfringillapurus.edu
Shannon,Palmer,35,+45 6082 0957,amet.faucibus@sociis.org
Graiden,Dennis,31,+45 8510 5681,egestas@consectetuercursuset.ca
Castor,Day,8,+45 1329 7302,et@rhoncusDonec.net
Belle,Blackburn,42,+45 6716 3493,malesuada.Integer@tristiquesenectus.net
Jana,Montoya,45,+45 7660 8762,eu@Donecvitaeerat.edu
Medge,Armstrong,15,+45 4261 7574,Aenean.massa.Integer@ipsumDonecsollicitudin.ca
Zoe,Stark,77,+45 4366 3304,enim.Etiam@auctorvitaealiquet.edu
Daniel,Myers,21,+45 6180 7733,condimentum.eget.volutpat@nequetellusimperdiet.net
Yen,Byers,94,+45 9954 9064,egestas.urna@fringillaestMauris.ca
Brenden,Larson,45,+45 1625 4302,malesuada.augue.ut@dignissim.org
Hayden,Flynn,94,+45 3734 6021,eros@nonenimMauris.ca
Kelsie,Harding,47,+45 4045 4233,Morbi.vehicula.Pellentesque@liberoMorbi.com
Tamara,Sweeney,26,+45 5775 2107,euismod@velitSedmalesuada.net
Zachary,Warren,30,+45 5603 7530,augue.ut.lacus@quismassaMauris.ca
Colorado,Evans,79,+45 1548 8996,faucibus.orci@Proin.com
Abra,Armstrong,61,+45 6203 9433,nulla@velvenenatisvel.com
Charde,Irwin,7,+45 2864 1435,nec.leo.Morbi@orci.com
Ursa,Joyner,89,+45 4976 5807,metus.Aenean@egestasFusce.edu
Andrew,Stevenson,2,+45 2886 7895,ridiculus.mus@Proinvel.ca
Ainsley,Munoz,25,+45 1513 6626,nec.luctus@magnamalesuada.ca
Peter,Odonnell,99,+45 7766 0268,sit@Phasellus.net
Rhonda,Long,8,+45 1942 0521,ante.Maecenas.mi@orci.org
Claire,Wall,63,+45 1338 8718,consectetuer@mattis.com
Dexter,Nicholson,15,+45 1487 6526,egestas.Aliquam.nec@vestibulumlorem.org
Kasimir,Munoz,87,+45 9509 6295,a.magna.Lorem@amet.co.uk
Veda,Mueller,91,+45 5010 4884,Phasellus.vitae.mauris@Nulla.co.uk
Astra,Valdez,83,+45 4162 5886,eget.varius.ultrices@vitaeodiosagittis.edu
Patricia,England,24,+45 7998 8016,ligula.Nullam@iaculisodio.co.uk
Noah,Harper,75,+45 8310 0777,commodo@nequeIn.com
Kessie,Cohen,96,+45 8931 0567,commodo@consequatlectus.org
Jana,Stephenson,26,+45 7246 1973,Nullam@sociosquad.com
Aspen,Bass,47,+45 8187 4011,ante@quislectus.ca
Tamara,Blanchard,100,+45 4768 6663,adipiscing.elit.Aliquam@in.ca
Sonia,Howe,37,+45 3351 4116,eros.non.enim@aliquetPhasellusfermentum.org
Maisie,Vasquez,18,+45 7070 1752,vel.convallis@estmauris.org
Hilda,Singleton,92,+45 5605 1736,pharetra.ut.pharetra@sitamet.com
Charity,Dodson,3,+45 5295 8601,lacus@miac.org
Keegan,Leonard,43,+45 2462 6756,turpis@Suspendissenonleo.ca
Colton,Klein,40,+45 4000 1451,ut@libero.org
Xander,Mullen,7,+45 3647 3732,dui@orci.com
Venus,Cole,78,+45 9826 9987,nisi.Aenean@bibendumfermentum.com
Serina,Alston,22,+45 3343 9660,egestas.Aliquam@Sedneque.ca
Ralph,Montgomery,34,+45 3526 7579,quam.Pellentesque.habitant@utpharetra.co.uk
Quon,Cunningham,17,+45 1359 8479,iaculis.lacus@sagittissemper.net
Alexis,Clark,74,+45 6289 0546,accumsan.laoreet.ipsum@loremsemperauctor.ca
Isabelle,Aguilar,83,+45 2671 1465,montes.nascetur.ridiculus@Vivamussit.edu
Emmanuel,Blackwell,30,+45 7874 1458,ornare.facilisis.eget@Aliquam.edu
Serina,Rasmussen,96,+45 3829 4743,Cum@vitae.org
Michael,Barron,91,+45 3814 0316,ridiculus@pedeCrasvulputate.co.uk
Ora,Harris,86,+45 2860 7285,Curabitur.dictum.Phasellus@Maurisblandit.org